ID,Group,Feature_1,Feature_2,Feature_3
ID177,B,2419.3216689609353,431.0864695625491,4849.6260611809985
ID837,C,2610.9906460034986,402.4325829291363,-2196.229347369555
ID501,A,2459.8409275209838,386.966053097814,5426.717296701458
ID789,A,2382.4276533642674,392.8695537071888,5190.615535836267
ID196,C,2841.2373342854676,386.4026056588006,-2474.9593240887625
ID363,B,2259.196257517608,413.76968334989704,4503.144384858158
ID922,A,2587.5475487365443,358.0246786925949,5970.8036026696
ID564,B,2592.799786122852,411.48409866197005,5166.464254031522
ID147,A,2512.0747024852435,400.03960246502254,5535.441292464909
ID970,A,2538.757324065916,392.87593454813987,5651.510482329068
ID124,A,2568.043592502816,400.7508557202914,5694.198996528618
ID254,C,2341.320653252456,380.57705469784,-1940.622870627157
ID553,B,2627.582347562798,405.5216574319246,5268.463976986697
ID778,B,2456.206283182678,400.6142403787562,4915.596783183594
ID478,C,2421.347822687725,390.3526241539897,-2022.1614497051928
ID396,B,2662.386838529445,395.5045665705715,5312.014537947307
ID218,A,2519.2318501060895,421.4565227335332,5469.545425827256
ID218,B,2425.8117739948434,386.9186411595424,4859.748053337884
ID290,A,2341.7169539811284,378.1950613070077,5133.04855851986
ID300,C,2246.771075209423,393.6818996058218,-1828.6353030681264
ID278,A,2426.4250986495426,427.2482343716608,5162.213121367652
ID661,C,2589.718904944255,408.4702912227326,-2181.7452719472394
ID944,A,2603.3783463377636,408.3733395701766,5767.246530493324
ID333,A,2574.291480260189,383.5935220947814,5822.480993983555
ID921,B,2640.769755923788,414.7738269886214,5283.274677450176
ID576,C,2474.4870377605016,388.6252746571045,-2081.3414986172834
ID797,B,2438.2497588878578,400.1149813549546,4859.1694479860835
ID742,B,2805.2833104500505,441.0472873401673,5593.668782441437
ID528,B,2389.689389069082,398.8967418560097,4778.691559012381
ID377,C,2370.111547264817,384.9867234597551,-1994.6335474066966
ID456,A,2252.0775323046705,410.3271375562347,4680.338155908944
ID102,A,2365.163063795708,414.66201602031833,5014.553530489969
ID770,A,2240.9696094911333,385.62620470384167,4789.312810180481
ID653,B,2359.224262260376,400.04260478773983,4726.839862656894
ID809,C,2361.3320302605052,384.4002728543004,-1983.6725854537515
ID157,C,2295.629088446423,379.4999927004841,-1923.1283418045384
ID624,A,2365.0311480653418,409.18957906733476,5057.325443489507
ID735,C,2649.566920985015,419.6280907253603,-2229.4261167875934
ID598,A,2334.732538317886,413.7605676489686,4947.989680826342
ID269,C,2634.9807660624547,400.7517226910617,-2221.0003053432247
ID579,B,2598.061698178951,386.3015495491806,5192.985955382803
ID988,B,2554.94690945562,385.55575274786156,5104.827839868818
ID561,B,2538.7320412560707,421.5734373407057,5100.301234722245
ID839,B,2552.1358870525814,409.0665205438753,5117.534856144624
ID219,B,2737.7989515102695,409.2788777602766,5464.71851491785
ID198,C,2822.329715515856,410.15965011402534,-2390.649151947257
ID956,B,2552.873801561336,406.8829982601086,5122.68385188379
ID144,B,2464.386602976939,406.28580125282207,4933.084463300856
ID697,B,2393.1400211148953,398.9732251315642,4791.271207489289
ID114,B,2748.5602724440446,400.7625984924471,5487.535807623028
ID452,A,2681.29669990901,392.86365917660476,6084.3352209573995
ID386,C,2573.9538561478794,396.2161874787625,-2179.080883376311
ID951,C,2472.1566079600702,412.8746517627183,-2064.4668218571796
ID786,B,2636.1341822096,403.31307240305966,5291.533485393218
ID958,B,2676.243337531132,386.94005961772564,5358.009257094901
ID394,B,2245.968576791531,397.8617486197748,4498.279885156238
ID998,A,2456.1556103582952,417.88701870381124,5300.4289070762925
ID917,C,2577.0172853514405,409.6557224834065,-2169.138237522768
ID489,C,2677.0760945294937,385.40460295827484,-2289.7750568455726
ID407,C,2690.9337489083105,408.19772033863,-2284.5395354985912
ID986,A,2639.804799687877,419.5304499700907,5827.423912318404
ID565,B,2396.818097697694,414.28672693546116,4789.365594858799
ID996,B,2308.888534104128,387.5249894243223,4633.279727595049
ID522,B,2565.686092580517,390.2785048713352,5132.947412149968
ID328,C,2415.47518747316,398.84805187687454,-2001.8253641829665
ID821,B,2708.4617993221877,416.9769069627948,5417.855685952049
ID951,B,2446.741130076129,403.3747728007942,4889.535025732484
ID993,C,2235.088387740882,385.51426453058434,-1823.7027128574703
ID162,A,2330.715092057531,406.3509156839079,4959.681830447187
ID558,C,2439.256076075557,409.62327902036054,-2062.5561361417967
ID799,C,2340.224244845767,419.26503116170363,-1919.9028199180377
ID706,B,2587.9986492718176,421.53674968792376,5165.395030928363
ID289,A,2592.49194850838,421.29917456785313,5677.364803813586
ID221,A,2391.120386916948,378.2065782601642,5276.588888403246
ID581,C,2942.4519205802508,388.83657352704313,-2578.061558297904
ID891,B,2422.552552757133,387.08917008756634,4835.761487246823
ID366,A,2401.6502175446158,397.54709388520786,5217.374714796823
ID619,C,2419.9573502542376,394.13961743233443,-2030.8436656666565
ID965,B,2595.5540513537458,416.94576953950127,5202.6242890240455
ID644,B,2415.5911715440984,401.44712969487387,4820.008553206252
ID499,A,2430.3946164383997,398.24175949340594,5301.501276759746
ID650,B,2722.6519803128567,414.6360952439387,5459.563036792023
ID423,A,2642.1607912902227,401.9461548533269,5918.773904477204
ID170,C,2498.294348523815,403.4276758351265,-2106.9475645996486
ID481,A,2246.170150246627,433.17879795956003,4566.881018804805
ID757,B,2490.9752402909526,374.09069959174684,4977.683122973943
ID768,C,2653.881085746803,399.6473977962614,-2249.3123223457023
ID858,A,2734.412013250772,412.1534176656712,6137.465429960633
ID102,A,2655.724948690552,419.20278999679306,5866.620758651402
ID355,B,2516.511303463376,405.8607494483564,5040.065425212492
ID286,C,2658.4603691853918,379.72092053985824,-2278.083824886892
ID134,B,2360.25641064376,390.0992537387265,4714.379546189556
ID494,C,2499.5391360408303,426.91045885528007,-2075.0770231169313
ID457,C,2488.0722396388906,390.7728584641315,-2101.7806619305225
ID208,A,2491.5915778732815,406.10823676513485,5431.232555724667
ID908,B,2262.1847103204063,405.4508918080165,4523.87630071179
ID807,A,2618.9835731792205,397.79334140474765,5861.046852649183
ID299,A,2283.0849960523083,402.69064974440874,4845.889778034502
ID956,A,2369.223219146836,399.94141485876116,5135.042987131496
ID181,A,2409.348283594092,407.3214661560864,5189.48062606114
ID474,B,2403.0318134673203,411.1568025518478,4823.5909765922925
ID924,C,2099.8781439000254,406.10868793146074,-1713.2546176049161
ID582,A,2522.964234786393,408.63864163812633,5532.973507457522
ID827,A,2582.5652719116274,399.80352915829036,5779.89452703574
ID822,C,2650.6044212986353,388.4689097934388,-2252.6227337596265
ID409,A,2768.1108567665046,419.53900720326425,6223.602307277178
ID325,B,2549.3096223718426,390.38687653474915,5113.68857789051
ID261,C,2503.99242773974,377.8686772767139,-2120.2256449514553
ID891,C,2538.704353204258,407.2838568060245,-2139.994512262551
ID577,B,2201.9383662397568,396.86363943398925,4397.096559416265
ID775,B,2673.915865240814,397.1976115305934,5343.131920899153
ID495,A,2589.529640211693,399.4918823554574,5790.667219763006
ID443,A,2602.165231117829,404.8746651564655,5790.875738426138
ID850,A,2311.764432923173,378.10365618604595,5040.978105992778
ID874,A,2435.1867061018866,405.4080322149786,5274.73682785307
ID361,A,2248.3663554307177,391.5727146760262,4773.395332793786
ID376,C,2231.974172693359,392.6533317623092,-1852.8330179626992
ID588,A,2433.2658275696563,410.37521472445883,5259.270567325517
ID450,B,2469.0515729298327,378.32039267726066,4933.817214231631
ID305,C,2516.0646895760733,391.69398753846195,-2116.1140198481
ID740,B,2440.5514215378803,362.1410828430003,4871.242837742345
ID114,C,2470.3858933003603,361.30255500615505,-2094.0492736300857
ID710,B,2634.765693106145,416.2311806009983,5281.9204856995475
ID617,A,2758.0127818558244,430.8432853552964,6109.733904161228
ID967,B,2567.5538249715246,402.03957294448344,5130.82711172913
ID767,A,2572.357560216006,410.3170043425276,5645.545856617682
ID600,C,2438.077662976024,414.50876510173373,-2037.1042966810717
ID924,C,2612.9094299532894,379.3041973913146,-2246.4997992148647
ID572,C,2718.0052931007394,379.8417613778897,-2325.6527803382405
ID745,B,2560.85036107247,386.7673897483527,5127.634310196142
ID631,C,2870.1222917819596,415.7382556625997,-2459.7569105474477
ID675,B,2589.799805893623,407.9218039077801,5186.424202832127
ID404,A,2593.1841504165513,394.2524344646804,5789.881670840729
ID913,B,2469.8305933610295,425.2408795672623,4948.5278997348105
ID730,B,2620.0220804547175,399.58795721308496,5256.45975799013
ID529,A,2575.825293487017,384.90552873017197,5805.685746712651
ID713,C,2539.5798525838327,373.89029139459706,-2168.5910885134485
ID117,C,2316.369793475006,389.4655902657539,-1931.9252191145672
ID810,C,2526.804568239115,395.9487752212563,-2124.2177783923585
ID737,A,2580.6722479399737,387.2271202083913,5793.679316665652
ID785,C,2250.148060270261,412.0506168806564,-1841.298149571413
ID869,A,2542.9995270576355,375.45328602304096,5745.310951759959
ID164,C,2612.8020864477594,395.97095944827447,-2221.493499386399
ID267,C,2584.871445401382,392.07296130517926,-2191.1481773474975
ID762,C,2426.157964959455,402.0671380593881,-2020.3480523793
ID535,A,2294.321961126386,415.36282340506915,4809.653928617333
ID206,A,2367.2958052314793,391.56564585172583,5145.916392078122
ID345,B,2306.368618516137,405.7696460911918,4618.932981895471
ID362,A,2682.3571647233243,380.0379283057577,6152.254679983171
ID191,A,2618.1833574941184,408.2814593208645,5805.85763986759
ID758,B,2435.0670117506374,410.9354663276852,4881.555372011241
ID926,C,2349.0585179469567,396.3834532910419,-1949.243395651957
ID296,B,2640.9466381452107,393.3057952293311,5287.923891899937
ID951,C,2600.496038616156,388.85182500131845,-2209.3666068602133
ID928,B,2602.859691255793,395.8133965198169,5195.170789046992
ID970,A,2463.9011440414974,403.14578073041844,5364.167996054975
ID661,A,2506.465061671833,418.16659663480846,5426.493089126034
ID775,B,2573.0425125979746,386.1782616359246,5144.777765398178
ID360,C,2363.0735602301447,379.9868331479516,-1979.4548933310284
ID296,B,2426.2745297533197,383.70573302656214,4853.351929678677
ID873,C,2650.2068706042637,425.20980911028335,-2197.7836709898907
ID917,C,2559.6032365993738,395.6877656418398,-2177.659959920372
ID708,A,2570.7673360149824,432.7933902808171,5565.629376324894
ID460,A,2683.8311926976776,420.33899783285466,5947.129638165764
ID598,A,2322.4314892929187,405.54700928983897,4957.978229559332
ID324,A,2505.5880026363884,409.6875915799802,5442.889966489258
ID495,B,2608.158157850219,398.98662204950654,5216.795803083074
ID551,B,2244.9567953687674,390.1318223006144,4488.517016671303
ID675,C,2619.251804329732,415.7503042585167,-2195.929244661118
ID813,C,2347.2400624190086,389.3209094337256,-1957.058279163857
ID729,B,2343.2302863376303,374.29482816935877,4673.129726387897
ID740,B,2401.687703592419,369.4875973131496,4806.5011511124685
ID606,C,2446.0266818967793,411.7552178525575,-2027.595797392306
ID906,B,2558.7793817146317,400.8472512555808,5116.421302242411
ID430,A,2358.0539638454898,403.729785164226,5061.395284663753
ID747,A,2420.474022707154,403.4671114925296,5257.727769640971
ID505,A,2541.2099575507773,380.1619787239886,5712.352667524887
ID296,C,2554.0154968568695,406.0707413688631,-2153.7643332327602
ID932,C,2537.759294279732,403.9587598986408,-2139.3898347661566
ID671,C,2231.117587525863,391.988182203908,-1842.7998675004028
ID468,C,2234.7189129755698,418.8947796151456,-1790.423214294243
ID488,B,2372.8223563348433,395.4142455466971,4759.5309982012695
ID518,C,2708.0558331493357,409.4854154095602,-2290.398329516524
ID718,C,2554.2557372036918,398.51612420756186,-2157.5923873380093
ID548,A,2595.2258657138345,390.9082666422258,5829.116940346342
ID487,A,2501.131603917403,389.09036020506767,5552.216809592746
ID361,C,2100.390913034978,431.0549625371182,-1662.5913471463102
ID172,C,2536.729651495924,424.1045616304255,-2122.401124237084
ID336,C,2410.180884534383,404.1098917704395,-1984.2291610506172
ID875,C,2794.1563610663384,420.9954981778502,-2368.7682331580504
ID257,B,2488.6567845660875,385.6519141718573,4980.034898511074
ID738,C,2387.802686089237,387.3186175294776,-1985.2212511742516
ID959,B,2349.214932459614,414.10330858146375,4691.798154833825
ID911,B,2760.3608839879234,403.9747549042358,5500.000403147842
ID243,A,2679.020045163049,384.97861492327496,6100.512399939096
ID523,A,2492.4663918801693,394.5234392571894,5498.15008294918
ID590,C,2580.35765666111,406.6527683687354,-2141.3541362749183
ID720,B,2877.6365953631584,383.34599761000334,5749.757013977402
ID270,B,2379.6693001517774,387.8200427009592,4741.324250830342
ID749,A,2316.2090801148684,409.69166599568604,4901.238854974716
ID199,A,2422.7972884478604,410.3636425593246,5232.98174775354
ID888,C,2516.0786762640155,401.9910044286224,-2111.1508852434245
ID648,A,2551.6872283415205,401.5041710130771,5654.395076212247
ID758,C,2496.0935837026814,400.8330654944671,-2083.948802060739
ID655,C,2684.5031846885518,388.6409853293061,-2306.9059431465007
ID513,B,2602.056882873536,403.3933671717604,5203.1106119582155
ID757,B,2704.480240873055,409.57520737280646,5416.71488099882
ID282,A,2568.1315607659203,405.2552472749696,5665.34479876524
ID675,A,2650.0519257219066,409.37860469460065,5907.827139523872
ID424,A,2671.5608004898845,377.9011859945346,6113.498436540365
ID815,A,2533.169692250614,406.34678425098207,5571.963521616085
ID435,A,2285.963208686488,400.9459086816327,4840.243965042503
ID730,A,2557.985288109158,403.9539941851908,5677.493147221936
ID991,C,2315.4264993922197,402.9230075509307,-1912.6298020992515
ID979,A,2013.9417697901254,422.9086936116007,3938.621306943277
ID747,A,2467.3190912261057,408.8170717694892,5336.008847717838
ID279,B,2919.913371408271,393.81547382158817,5826.704598447397
ID522,A,2530.3779718266846,374.8326402893415,5720.534645805753
ID791,C,2544.2011894439447,432.2412371858734,-2111.727019721244
ID584,C,2522.010300603673,405.2584178105139,-2133.915472607486
ID913,A,2338.439048690952,402.08101964282315,4986.373059232492
ID468,A,2601.643030928447,398.8210158068931,5811.013288258495
ID624,A,2651.7052596577832,413.92506050843343,5881.734558386318
ID562,B,2277.0859898653757,417.93611076481653,4545.3481897101365
ID443,B,2649.0565178275724,375.2143107777099,5297.970847665873
ID981,A,2373.1364851108906,416.1577480148004,5022.5344792984615
ID860,A,2555.5668287954504,410.0381594161959,5616.356762391584
ID801,C,2679.3518403255152,394.8416342039706,-2280.2777434482837
ID348,A,2634.822993068812,379.2991458454297,6034.260583432924
ID336,A,2342.142284156326,415.2284279388918,4963.312439051357
ID118,B,2496.013107183123,399.3322703468699,4989.322055504595
ID484,B,2831.872099117269,400.0533535013883,5619.656478570206
ID473,B,2643.8177037804007,401.5735454705882,5294.658842240584
ID591,A,2754.8695066626174,403.314954500283,6231.724230942928
ID488,C,2538.117142601717,428.0124492566848,-2094.715377482119
ID242,C,2392.7337685486837,362.59260751806715,-2016.5383771520364
ID880,A,2265.9399083407525,374.3511966059995,4930.0245514551
ID804,A,2613.73701846957,396.7733518482663,5843.258925778369
ID395,A,2698.105605485857,418.57779848301294,6003.171664388643
ID397,B,2547.5043416696967,401.9357904494358,5078.554626386112
ID519,B,2769.7708338989037,417.5860049139977,5545.319563725006
ID554,C,2792.4824837957935,395.981358367255,-2403.5085036069863
ID384,C,2369.992819797207,404.45102923100916,-1973.3928932748368
ID969,C,2464.05327081705,374.6032885921343,-2081.5873531111774
ID809,A,2266.862592965553,400.7199837037565,4782.873931529016
ID708,C,2500.356670846587,417.378466889549,-2086.423847902993
ID494,C,2677.920505154433,380.8431624463372,-2277.95242073717
ID122,A,2716.399091598741,414.6495818136673,6074.680461897253
ID741,B,2488.423629165446,405.21293801842546,4978.934131637574
ID902,A,2642.2348415658566,371.48780579126407,6082.93879522566
ID520,B,2459.3393385219483,384.3624958195163,4918.134084406955
ID488,A,2805.3683651373112,417.7071602195766,6342.600689421833
ID913,A,2533.7961528867263,413.52286618571964,5527.537422126621
ID248,C,2467.2524959183365,386.4770377940787,-2069.752466204797
ID485,B,2560.5450104331017,398.7163486437424,5106.208852475428
ID166,C,2504.5337953786766,407.58129649809365,-2093.4078007656285
ID768,A,2426.096658895965,421.1675392524217,5165.097450152834
ID308,C,2408.8241554783876,425.7066377678948,-1991.17776988299
ID494,A,2388.4856907452477,403.45188138426516,5138.271612391024
ID936,A,2619.7828658323074,393.3150152929438,5885.051644719231
ID888,A,2417.3950558947004,404.80387159581966,5212.012871677207
ID565,A,2367.81236380256,390.1282995869657,5162.089318683487
ID255,A,2847.546044498345,394.2790115548716,6563.782440418529
ID580,C,2525.799083402325,402.5936546140457,-2127.8367098755293
ID120,A,2353.0613475670334,399.40114111552253,5078.630891502325
ID854,C,2287.1095771824785,398.02908341594093,-1895.2057443767842
ID617,B,2743.5272144655564,405.3436859877196,5474.934973920803
ID128,A,2420.3510285466473,388.5599159388036,5302.512291739866
ID372,A,2685.3544109232175,404.51337480883274,6028.616088306929
ID814,B,2547.175466466761,404.70472632023626,5106.869591899752
ID819,A,2616.2895563768743,396.8064498007426,5903.211939348621
ID994,C,2692.681127364677,413.548824204445,-2255.855226168062
ID358,B,2458.0706833889917,385.108060676183,4911.037137851398
ID718,A,2446.3842976996916,392.0366624174237,5375.13062639663
ID179,A,2121.119886543089,404.09611083390826,4333.812733521994
ID465,A,2458.558670028685,417.8598863607009,5268.5782279059395
ID296,C,2584.599306872323,394.8061922522922,-2189.6041737341984
ID953,B,2597.6032281659436,424.7832207968635,5191.365734156244
ID655,B,2736.4678488002673,395.31152430945195,5474.139664024272
ID269,A,2629.8015182495906,366.28779772344274,6038.011580914725
ID770,C,2613.8924679865786,413.63179154805925,-2190.194445740617
ID172,C,2357.706490241556,417.8985939023961,-1935.0182670894333
ID422,C,2469.487862969694,397.41760154208947,-2084.8840976207607
ID587,B,2412.1432338248305,389.73078836031266,4830.433750323263
ID203,B,2646.4745813302206,422.82736561317074,5276.92696401842
ID702,A,2427.849111590366,397.16407074337604,5311.83305403541
ID978,B,2440.6583292541627,371.1660432582361,4884.87207280337
ID965,C,2741.0529375073666,375.3239324458305,-2353.472503988623
ID855,A,2375.6692434592987,400.8643701647496,5120.21446503236
ID624,B,2377.7857232006427,419.5157091961057,4763.379517616372
ID946,C,2494.6878385508926,403.85454614234044,-2108.2010152807106
ID395,C,2211.4568588465577,410.43764163133113,-1811.5762367190869
ID731,B,2673.603950931025,419.5818405834008,5321.861329745407
ID126,B,2263.8769189666887,395.7398064195984,4528.34076577108
ID857,A,2489.648112923885,406.74157116738974,5452.197797824295
ID431,B,2486.2452113112035,421.08194135388754,4936.801246867577
ID928,A,2420.1122783676506,415.8054020816317,5167.1389841956325
ID832,C,2605.7360803670695,403.1955084084818,-2190.3514892490166
ID837,C,2663.2047458386774,391.8054222169838,-2278.112938689511
ID192,C,2583.279458033558,411.46838985058776,-2175.8521748335156
ID672,C,2637.1345900165907,387.1118136277469,-2236.9578877517356
ID528,B,2537.77052081114,401.3918396345382,5084.2292713094885
ID106,A,2309.350236045814,401.48140780504843,4929.1422638718095
ID555,A,2463.056805380032,398.65301016011364,5383.585345030548
ID975,C,2544.1641882515046,417.42068987317185,-2114.1647275613636
ID526,C,2575.5952931662464,418.6623813701724,-2169.2829904054674
ID356,A,2285.522765844899,373.75986437351185,4988.5810216265545
ID217,C,2550.593407426122,399.7059059204533,-2165.4620235778434
ID687,B,2516.6676597480027,384.0275990025223,5043.264276790199
ID474,A,2447.5822719710013,366.78768222922736,5523.7730167411555
ID181,B,2417.4854203177692,400.33949451910854,4842.700820363426
ID807,C,2629.7500666993396,383.97429060447377,-2272.6183452573882
ID306,A,2185.461292588672,414.03272323950375,4479.555149950742
ID740,A,2599.6371692007633,406.2126474163212,5768.249177152236
ID713,C,2616.4138671329,415.36176327281555,-2219.9629956606377
ID319,A,2646.4042870188287,383.13221175723066,6032.148102254766
ID713,B,2465.9381198597016,389.8259535878168,4939.20198479084
ID951,B,2498.961861962235,402.9646162222975,5021.812724288374
ID965,B,2483.8389790558176,401.03430353513875,4964.770645864775
ID820,C,2344.9007124064965,412.73887804723864,-1935.2698863487274
ID548,A,2475.152220432072,419.772367104273,5338.89218067862
ID266,C,2430.5373009883406,427.6019062671934,-1979.2107135809172
ID246,A,2585.5648215558613,419.3240183135683,5653.891734745234
ID886,B,2535.7265099208203,406.53924143516167,5084.231118079556
ID449,B,2496.745640117016,401.375689216451,5008.743317543809
ID570,C,2634.2888060163004,385.6760559259856,-2245.5084855331093
ID255,A,2697.921253624528,412.31917432813253,6034.134598069754
ID807,C,2470.64520210961,391.25558858079523,-2057.5387368373335
ID657,C,2486.6720167806498,402.53499892977464,-2101.717378595618
ID407,B,2557.7320423219157,415.89607628660735,5148.923637803537
ID567,C,2565.7756881303058,392.59071927526253,-2169.4997458112002
ID506,B,2219.6283433855847,410.6801038948773,4425.517376130381
ID530,C,2433.0687470555317,411.4336814810548,-2030.156178512062
ID642,B,2521.7043293087368,387.2234395340781,5032.037680793294
ID888,C,2534.172149854126,398.30652081349166,-2121.4461957785074
ID305,C,2335.269665840644,400.0126940305349,-1942.4161536473862
ID603,B,2767.942576814619,395.13599578198347,5551.612829850955
ID857,B,2690.327776886307,411.1734530347824,5384.773801999681
ID631,B,2782.6266792608444,385.3849900568715,5565.140089273792
ID326,C,2470.1807890667205,406.8675857105498,-2054.9363870014913
ID425,A,2616.216242029284,377.83533704753654,5949.366844507196
ID548,C,2523.341557346543,392.8563100822974,-2146.1045492689927
ID999,B,2667.3886696421696,367.7934853310097,5326.376680892867
ID120,C,2654.179803837452,403.210063831981,-2247.0247872487803
ID648,C,2406.351705836399,402.7620999633026,-1996.6901201367607
ID176,B,2656.216639680394,398.4387892782594,5305.58954948841
ID672,B,2482.764901378471,400.2543764281472,4965.371497372813
ID315,B,2863.6889027481875,414.28698059392553,5704.056636317165
ID197,C,2650.9213362939486,403.0701146653079,-2243.315998988109
ID620,C,2699.104865449455,397.53264575877904,-2301.777807048974
ID263,A,2656.226241376115,379.99660672384556,6066.087502392591
ID743,A,2249.2762745235505,392.27089010376704,4767.779924122233
ID122,B,2398.9062341856084,426.6001538634571,4807.795609817888
ID757,C,2281.796788816671,367.0828767547152,-1907.5843043912612
ID116,A,2191.9286146053805,390.69918427501545,4613.243395346402
ID961,C,2296.352900358824,396.5667675497021,-1914.8381846550708
ID424,A,2326.7751549244267,397.4034147617426,5006.837664282887
ID595,B,2441.726147266385,367.25336464828547,4862.79863949328
ID781,B,2703.5248004881205,370.99392906054624,5388.991520174793
ID313,A,2684.913272125573,416.30342036636756,5970.968916003114
ID212,A,2491.473376179328,402.4974469103239,5451.8897936082485
ID739,C,2461.2204723641566,367.42335592509744,-2101.5862926566037
ID723,B,2414.415660910044,374.72696338008853,4844.242914006193
ID700,C,2409.0026369785746,398.9808864063249,-2008.4088811713968
ID156,C,2296.633801573392,425.196538477122,-1876.3095654619501
ID998,C,2568.691931414005,399.45722241882544,-2183.6122570844955
ID564,B,2697.5255761627077,394.3175462099877,5382.383249580932
ID102,A,2426.5802692076436,385.6925514496516,5353.921715111487
ID874,C,2483.4699253219737,385.96581060797155,-2097.370989211954
ID697,C,2326.4446636485973,416.26813024436007,-1917.110784509463
ID419,C,2613.6791625287096,398.330079326555,-2225.0745552912167
ID498,A,2458.8780183948847,438.6362463083177,5199.214514703312
ID507,C,2423.2204937659585,404.84108391746247,-2011.988060791527
ID425,C,2680.136209454213,430.07514467467627,-2226.5541331464724
ID140,B,2498.819580060251,393.0498680553767,4989.724212943446
ID976,B,2441.236961415134,389.46577682202457,4890.346980891354
ID193,B,2389.743392002807,407.71523256677534,4765.301511203821
ID798,A,2416.5550353727976,397.42872730457333,5273.005199236112
ID661,C,2616.0901354296193,394.88686639864943,-2226.591935274165
ID353,B,2427.995641474023,383.6363147392599,4851.144378046258
ID669,B,2395.179053273597,392.4301762852036,4781.324528004493
ID913,C,2402.1909273090746,373.34406613492064,-2028.1156398379003
ID324,C,2696.824153411696,347.6438587629701,-2343.987358956136
ID755,B,2528.092557395501,412.4136920927835,5055.25616076891
ID678,A,2391.3550316221217,415.88979178957123,5082.780343909146
ID609,A,2421.139862695538,413.8517756253183,5200.63010699342
ID716,C,2680.837368196618,405.29291167673983,-2286.9536475007426
ID626,B,2566.5428466903877,404.8701091167851,5123.226251497467
ID123,B,2528.736932703748,411.5771108943232,5063.966561448577
ID166,A,2326.7122684154047,408.86767223101606,4918.171977554803
ID169,B,2654.913580998241,409.2308429103681,5305.091761384124
ID361,B,2605.650867981263,423.31184509607544,5196.787164791832
ID782,A,2531.7566536190034,409.8292647330885,5528.722696677363
ID271,B,2655.2884637198813,404.36657869986306,5322.0399710584925
ID366,A,2599.474604000223,383.1311088687987,5875.865339471484
ID181,B,2583.9374496919327,406.834815289954,5181.735104597436
ID885,B,2279.776555799148,413.1137297613561,4572.617277402876
ID711,A,2627.51386831921,385.74549338847794,5968.678795089624
ID139,A,2467.0111574803213,410.49688426445675,5352.222964710502
ID934,A,2476.036664092196,400.418082993822,5411.172346504411
ID311,C,2400.562026050894,393.0620779393314,-2005.1074896798684
ID686,C,2538.0749728861256,395.3485305740589,-2140.7074837180407
ID644,A,2187.829385670635,390.20998872723965,4608.451082525554
ID521,C,2607.056626439766,401.6286936628851,-2202.045304506137
ID620,A,2830.9259282381236,394.00843805641176,6532.650091793852
ID929,B,2456.120970349587,421.6903753199732,4908.715742670688
ID129,B,2370.924432338264,397.88849801678253,4744.300569747429
ID869,C,2356.444318329232,435.792934725485,-1894.3342557891376
ID755,A,2440.14330718577,415.222309250456,5239.127482695987
ID856,B,2299.4807077803857,405.02417376775804,4591.3256475299395
ID839,B,2196.800518854328,402.5090363341533,4394.825201792142
ID867,A,2140.1714559509714,358.528050460198,4612.6567927340875
ID730,C,2633.783996800278,385.9691432655586,-2234.299599724016
ID117,B,2487.071942023603,392.84464344574604,4981.059149856693
ID741,B,2453.523310952486,403.2415647529302,4909.195803449373
ID126,C,2871.766973747872,400.3476510225589,-2476.382463060315
ID372,C,2520.0745927708554,391.6876688158913,-2123.321211505801
ID634,A,2688.311125435967,393.9545951053409,6088.036809920797
ID846,A,2377.7093440648664,397.7686556555012,5126.037876307987
ID716,A,2395.3526957970244,395.42167520910976,5229.397152490318
ID830,B,2682.8285340162283,381.4998088642373,5384.196299967335
ID454,A,2424.301846143625,384.18758565193525,5372.847202778003
ID512,A,2337.5029708550196,394.28611107922916,5042.869274868049
ID106,C,2318.466175391449,380.00217507262914,-1945.8413244483795
ID860,A,2532.8820606010504,415.14890154921625,5527.083060595048
ID852,C,2354.51542557679,399.0181425051664,-1935.1175547375856
ID725,C,2430.8796967717876,402.9145416381488,-2027.1039266025405
ID895,A,2425.081543143565,412.442071422638,5207.313203741628
ID869,B,2638.476480420661,411.9362631501388,5281.984916865768
ID404,A,2400.4617098225694,383.1724182513051,5288.623270806459
ID136,A,2666.428641839257,397.0810097885009,5998.412842542659
ID592,C,2550.110615685446,404.0142451375778,-2148.236709972039
ID217,B,2244.1809455008893,429.11162155017223,4498.008432017571
ID488,A,2392.2742238904166,410.68331598022297,5112.252252167626
ID200,C,2684.5076333300676,396.56806811458364,-2304.633089750732
ID441,B,2302.1191367102315,380.95506778479245,4616.368943216752
ID895,C,2491.135633714917,424.99565491669006,-2066.8244924724954
ID118,A,2638.6546657538543,428.15115110956685,5774.807248437108
ID899,B,2288.4995274280946,419.9497970650623,4583.709585446927
ID978,A,2564.11301525329,406.5062815769181,5669.623988053072
ID954,C,2499.7093295526115,379.70950918878,-2119.0306430910987
ID672,C,2660.2159603233654,396.92043569344,-2261.9268634379446
ID187,A,2610.2853559727787,397.60905324115936,5843.673514631327
ID978,A,2645.4381809469223,402.7614297728631,5934.437157981909
ID304,C,2276.859454637316,408.06105648312285,-1880.099960341472
ID320,C,2539.343702560932,387.55206188297535,-2139.149820533337
ID741,A,2571.10321983039,411.46617690923864,5637.7236176865035
ID431,C,2655.8208601473393,381.09959175563625,-2286.70573706759
ID189,B,2529.2344290313554,387.4811913332666,5049.7232120863255
ID365,B,2665.598732530729,394.9579641016056,5320.4771447261355
ID229,A,2598.9480384798726,398.02193930856174,5810.846825342955
ID321,A,2461.5938237766386,374.66158354912017,5516.1751161047
ID132,A,2605.401430725098,386.2855957178051,5880.35971717767
ID930,B,2588.652140120526,404.71723270500814,5169.838549632197
ID763,C,2480.2729569043177,409.04953330750175,-2056.164232858376
ID195,B,2801.1286261704777,377.9207539179369,5607.823345471751
ID268,B,2273.737906038487,417.1753596129259,4573.238566026838
ID824,A,2632.4001190719264,387.1175658963987,5958.195338301279
ID548,C,2486.3740399230005,367.65149034712647,-2113.799051085499
ID281,B,2468.3424416410408,394.7054984763014,4942.111782036776
ID698,A,2620.408562251363,407.6992856905015,5831.229012627015
ID734,A,2684.6422815755905,397.31926923660313,6057.32132770275
ID543,A,2500.267074375069,395.4795099916996,5535.2661920513565
ID605,B,2506.41507320313,420.9752780396869,5007.008922004509
ID973,C,2363.1769031156714,386.7582099665171,-1985.23045558038
ID373,C,2576.5917839215617,392.70997704686414,-2180.6826092858214
ID263,B,2628.8518915153486,403.3831130296734,5243.454530839869
ID429,C,2338.807683715631,392.82432066841466,-1949.09913564934
ID933,B,2634.2550702839903,380.3017018868605,5271.982652346574
ID609,B,2483.6907377104017,395.7595740835695,4970.784754104819
ID918,C,2285.5246568603875,388.3695745581544,-1878.5144522116996
ID896,A,2375.5503285063473,385.1063182349339,5188.350013695488
ID942,B,2464.215892892138,418.04883499065704,4931.4201986162325
ID713,B,2436.1158278667604,399.25902226830027,4873.681999029632
ID522,C,2456.3971008550043,402.09323909608116,-2019.2996911157707
ID925,C,2448.2108289309454,346.0982440345084,-2079.8335112412697
ID373,A,2473.915256307851,378.2983091059856,5520.506365646651
ID146,C,2659.6781263442663,391.3202154789896,-2272.710154847201
ID236,C,2753.8003945086084,378.887953648406,-2363.937752900886
ID238,C,2460.374299302159,390.20997208625533,-2093.166256094552
ID758,C,2601.5727497971147,418.09843138178235,-2181.8626604582805
ID383,A,2484.019110702561,425.5947916977799,5323.525728042471
ID107,C,2471.361149069976,415.3667717999695,-2032.7542870518357
ID682,B,2625.581543886291,408.94745572424574,5265.539444977692
ID723,C,2255.3708236100415,415.5834792417051,-1837.625432898965
ID184,A,2319.880359028585,393.6165398863046,4972.3887038871635
ID128,C,2649.9727549627887,412.06965819097377,-2245.25363713192
ID259,A,2223.2935196960425,380.2887080092297,4746.915894246929
ID464,C,2618.605977161811,410.61704497242863,-2203.0865742485876
ID564,A,2310.282817307494,433.6757229672793,4777.336221265636
ID615,C,2569.145261179622,379.2758200749246,-2172.2399174896314
ID378,C,2237.0223303114703,425.56896047004756,-1817.3785343899895
ID717,B,2486.0454683843273,361.1960272438026,4967.753365438843
ID888,A,2429.124518030279,427.11026663732633,5158.574906483096
ID241,C,2620.439636434447,394.0699640992297,-2218.509736320044
ID854,C,2487.8382968319415,399.02773875753616,-2091.1146783821187
ID151,B,2285.0629786614372,399.5235902063558,4575.518502978687
ID288,B,2458.9900612551137,398.45950141005557,4936.750325261786
ID643,B,2670.9411161335465,395.2729600453628,5346.705618774228
ID153,C,2611.529374296669,381.1106188053837,-2226.7421019912777
ID747,B,2627.4848297232484,397.0476904384681,5237.687017724079
ID691,B,2329.089733489098,367.1002790820832,4656.624926259069
ID158,B,2478.482065812665,384.55548878044215,4944.392374990487
ID395,B,2061.7660552821258,379.88703621446683,4122.550285308598
ID117,A,2589.6776198838397,396.7851325927341,5781.266473283455
ID657,B,2555.8162929814234,411.40154140857675,5113.5948867114475
ID660,B,2270.9082364209794,384.82599615123917,4547.900133532989
ID627,C,2616.8919501849123,371.8550647361648,-2229.919064147165
ID735,C,2585.3175822985554,411.7773978967396,-2172.580903674689
ID563,C,2609.1126480623566,393.6529553878721,-2207.759541822969
ID462,B,2548.0061663737692,390.76348812175826,5083.593240055171
ID157,A,2393.7777493969547,389.80326414484904,5221.608703895976
ID368,C,2494.643023080133,367.25479208092474,-2140.9525633521635
ID319,A,2530.096143410382,403.48331566873,5564.607105768701
ID292,A,2658.2366770857384,373.46256639358853,6099.97458694869
ID139,C,2370.967986973579,393.84487953842984,-1948.2282052016155
ID540,A,2348.363713877714,402.92397490708044,5035.191829296432
ID426,A,2155.8581389167143,423.5938431177317,4343.595986699193
ID170,A,2494.524406715041,407.9186269166197,5433.824582004648
ID868,B,2202.915165199226,413.80540915670053,4412.148002745205
ID247,A,2554.51033941399,393.7624807567891,5714.415554608301
ID199,B,2594.5001765082843,397.15352321672043,5185.432123139729
ID113,A,2500.905090276453,402.65597167690487,5473.958858321657
ID144,C,2414.538488288956,419.29815745322975,-1984.8370019638353
ID470,A,2423.477056350274,367.90702403632247,5434.56088540304
ID460,A,2614.004786810505,393.8051814556825,5856.805894444847
ID687,A,2657.552572586511,404.5751080899471,5946.900611987751
ID125,A,2556.035216778217,405.4306701203981,5647.071934160755
ID731,C,2689.1673892879435,415.6636518606005,-2272.1106305975163
ID370,A,2723.0620421381573,378.5342314391322,6268.683534257135
ID297,B,2488.9020828645907,394.71169702615305,5006.889677243063
ID535,B,2369.4196381298584,405.6283969668977,4724.347600981606
ID227,C,2422.815245090299,410.4731159069262,-1999.9671504907044
ID826,C,2577.2912523895534,367.1205594606592,-2193.964973468164
ID273,B,2621.6302682199926,385.8655656117279,5232.027904320521
ID245,B,2372.395409166053,404.3015198689143,4754.625161057043
ID785,A,2680.376135783628,398.6170250679155,6048.092903069984
ID768,C,2326.5156906837847,400.6545353800967,-1939.9206717019317
ID856,A,2696.688768831919,412.1341045787274,6038.200611120722
ID464,C,2491.6618074789035,375.39519408246275,-2105.750072185308
ID519,A,2563.082636845619,392.9016502986494,5719.993760931238
ID953,A,2494.4701091108814,417.037542960695,5401.011399119647
ID593,A,2398.776450070428,382.4184694647733,5266.5248181341485
ID584,C,2326.879599358035,407.2494357980398,-1927.089049810604
ID580,B,2562.342735018744,383.8675858406035,5107.430565987364
ID809,A,2273.2280150950937,363.01343226913866,5001.032883576166
ID221,A,2239.05048777501,406.7972396388615,4686.0023187568295
ID616,C,2559.20574216369,409.7475064840679,-2157.579572620131
ID631,A,2377.9473427715166,405.3306426390968,5113.255117585546
ID956,A,2703.6715011131237,396.8620410856113,6128.9813519105155
ID874,C,2413.352241586531,428.70301435129664,-1984.260815069625
ID235,A,2587.0520675579287,411.2660270459035,5729.67951926958
ID372,C,2336.5405032623257,408.6486695449326,-1937.3676408750052
ID736,C,2187.1587052107793,389.99266427375164,-1798.0352948600637
ID513,A,2466.5313014223475,421.8215971306075,5308.002867925999
ID407,C,2771.7765257227693,428.0499932722683,-2330.4204510113896
ID301,C,2390.584931062481,368.64652238470893,-2037.4225189483611
ID521,B,2453.8248933208615,411.58723610757545,4923.15508299453
ID738,A,2629.3474538828664,411.72784700292345,5840.421550645608
ID153,C,2411.334561698148,403.0691429379699,-2002.5917648769075
ID118,B,2506.2841835437425,443.7774076153889,4999.02629972067
ID656,B,2711.7172849913422,401.70104567108206,5420.3018789974885
ID875,B,2444.3253540964793,429.9627041062824,4897.664269992179
ID250,A,2780.942236279978,382.1786695748654,6425.765609643316
ID600,C,2528.2159492110713,366.34579859534114,-2195.507355463374
ID916,C,2511.27872531863,396.91688143652146,-2099.6021313382494
ID996,B,2381.860958687815,405.2422548208819,4754.932178360619
ID683,C,2486.001580849209,394.48195645418406,-2101.2288611471236
ID521,B,2519.5005295648934,412.56133966675577,5022.395868400364
ID156,C,2289.0745816730328,378.8255213827105,-1896.2596014603425
ID408,A,2460.225398387555,397.3585400210685,5368.862127842919
ID771,B,2446.2706704899206,379.9526716743139,4887.556214262686
ID153,B,2493.924517384841,398.7980112372785,5000.736662784997
ID894,B,2504.612308435031,423.4377364245836,5016.512748520076
ID416,C,2534.0822658679303,361.08490665015603,-2154.855195110034
ID556,C,2415.9452810275375,379.0058985069988,-2046.1388613817082
ID366,A,2367.8222809040503,410.48536645483347,5044.843742792807
ID675,A,2371.03607858593,392.94864001998747,5167.256868258154
ID951,C,2569.210539538462,417.4900198749039,-2154.1844704848645
ID190,C,2568.7361497082425,405.20634085520254,-2156.584963263043
ID426,B,2582.6561698415176,421.7254948828173,5164.166261910073
ID926,B,2393.091039598262,396.51759045348274,4787.465074917763
ID721,A,2400.4750967023538,416.3538113780175,5135.846619537587
ID993,C,2393.3813713456893,384.45222070220655,-2007.9736700176454
ID512,C,2303.776630679565,388.91080679030983,-1916.768867969004
ID140,C,2583.7616675883155,382.2283881557805,-2171.3324279674807
ID257,C,2530.223861778992,396.2168547032261,-2121.595449315207
ID243,C,2520.592022147485,407.7927917550001,-2115.798551564123
ID496,B,2270.6872356867857,402.3654887795997,4536.538834729933
ID500,C,2541.7548621209053,386.06733555341043,-2142.8515059414567
ID784,A,2412.134818386253,419.4603985931968,5150.643156755769
ID294,B,2286.598228884253,387.7297445921504,4574.339760021619
ID439,B,2514.2040700203715,396.1424061000634,5031.423103096286
ID786,A,2756.3762925485826,413.24960250318173,6191.764484803538
ID928,A,2588.4276504801155,408.3149672067721,5707.394923077047
ID629,C,2334.559278346427,419.02820188659297,-1914.531885179124
ID853,B,2513.454260149327,404.785186907789,5032.982731793563
ID437,A,2273.1158485160477,391.9360222591428,4848.654951684537
ID137,B,2565.0607284549405,398.478134004034,5135.073384008287
ID350,B,2395.2654577707344,404.47519031323117,4795.650259804089
ID894,C,2454.10762164656,404.9541541534505,-2081.130359613429
ID711,A,2540.5867754226915,409.04740669968953,5572.3211044392465
ID318,A,2653.485414716878,381.51784441485574,6043.327111026491
ID478,A,2808.6208814168626,382.10323808416126,6533.480331376389
ID599,A,2757.116533861596,381.63125171640854,6353.526529007477
ID890,B,2498.5415959034412,384.34251701262895,4998.132159822914
ID328,C,2655.570474714465,391.84130191972537,-2249.796271399278
ID682,A,2923.503947157561,405.4428195961856,6731.015912143143
ID293,A,2679.7953235640202,399.58042019708023,6043.228432596152
ID807,B,2305.8619757656975,393.640926317255,4620.550971854777
ID451,C,2446.9229201537532,379.70411175845925,-2065.696811848441
ID482,B,2472.8740213566016,388.56133875774657,4941.501363493153
ID423,C,2419.330241868517,399.94008687883723,-2009.8052482002477
ID758,A,2740.668917739721,420.714204427764,6147.7854152318205
ID187,A,2567.284626331806,390.33686941195117,5759.596773899054
ID695,B,2269.003780586056,396.660505728921,4528.401094851611
ID794,C,2511.067256822012,388.05489849794077,-2109.730798143204
ID537,B,2547.5672488566984,411.38227990344495,5101.44947553977
ID320,A,2539.48932242583,421.27501202796645,5508.754289364636
ID356,A,2589.376160259457,429.5535382715714,5628.624354989909
ID150,B,2438.748748849133,392.1745152190985,4863.115041630007
ID235,C,2427.585717277772,405.4747747055433,-2021.7379571584534
ID968,C,2643.4013105643803,393.48793653897116,-2233.811347299578
ID120,A,2724.5658318703154,431.21416109312435,6019.239068135549
ID526,B,2533.124684337485,385.57009442637496,5059.485690118689
ID130,B,2441.668708988086,414.2576208544769,4876.98505086964
ID714,C,2403.096892757101,406.0259686992598,-2015.4225105051792
ID793,C,2357.9421885815177,384.4997889690307,-1984.654849323791
ID235,A,2271.068330312206,391.3116082818701,4860.782934668902
ID850,C,2601.2717720419723,409.27356828253835,-2199.543306209224
ID179,B,2383.5233433657595,389.85610868531444,4759.136134609614
ID488,B,2501.9908920254607,404.6942055474324,5007.923181908445
ID708,C,2481.7137415425586,404.2014241766418,-2071.261665803979
ID994,C,2520.7807939026943,409.61160753937423,-2145.636670936999
ID214,C,2598.6653479055067,386.6392714874706,-2202.4701057668067
ID417,A,2424.082154716427,405.6135250875186,5239.868246656936
ID763,C,2676.871055816894,383.62456641341004,-2306.9537613696893
ID822,B,2444.90810719231,392.04587402002187,4888.211668244318
ID421,A,2465.3034325483914,417.67452250196243,5303.748859074406
ID757,C,2444.985493958616,401.65263977923394,-2041.4034870510711
ID412,C,2538.5965328149546,379.13281406982077,-2152.9007167176724
ID380,A,2403.5562501322293,378.8925438640696,5317.255484346908
ID584,C,2471.183522961362,368.93950995006,-2097.9153287353115
ID418,C,2445.478097272023,383.5170904536468,-2069.388562771024
ID594,A,2587.4024199644896,416.5406988075116,5678.654331934404
ID537,C,2187.4144709040456,413.7309746293547,-1770.6834062021273
ID455,A,2267.6197850643057,394.4362828703834,4836.215935603147
ID122,C,2436.4960255297533,416.90853532847336,-2010.4236687530456
ID350,A,2618.6806780234183,378.17498449581035,5953.101999928396
ID568,B,2452.7753967043045,383.8139707754202,4914.557250848024
ID419,A,2397.046413891957,397.75493296592316,5200.092806333196
ID389,A,2524.7377663056973,414.58328187985177,5494.728603646201
ID321,C,2778.048568653032,381.4683741750039,-2407.505913405212
ID670,C,2616.7566361394274,413.96332039236876,-2191.89330635201
ID681,C,2626.4541108581075,389.8259235400231,-2229.497209057022
ID776,B,2750.1066098161696,395.8310160532384,5492.032488837268
ID886,C,2514.876054854875,386.4999137903595,-2140.3263328943576
ID554,A,2454.0225766486014,388.7560454512525,5426.499027140443
ID147,A,2214.8567556650414,418.6571542757301,4571.790335431668
ID242,A,2277.0981466817543,397.02016924895685,4852.054943801444
ID772,C,2379.2130731043007,380.71792153933853,-2003.5602537349087
ID590,C,2250.9143415572685,385.86204215118124,-1870.0428035545974
ID237,C,2477.621585975986,404.1337305507322,-2100.9559040542786
ID252,A,2425.514097710529,390.14417629047307,5342.869707282151
ID510,C,2435.067937525802,402.21286905316447,-2029.480768337866
ID413,A,2439.9527171109285,392.30124014643565,5373.069636566948
ID837,A,2393.4696978079432,393.01945071496044,5192.441957237712
ID103,B,2435.100490824086,362.87639446957905,4862.927532483424
ID519,C,2476.3164626088865,421.0185258020617,-2051.280851432316
ID755,B,2420.178053437639,381.37077636839723,4845.744566125115
ID859,B,2720.857248241488,413.52675832042337,5429.355777889205
ID891,C,2850.4654078235067,391.19056228239987,-2479.0163160412717
ID766,A,2415.2883502498935,412.6978431347334,5175.294913058255
ID304,A,2165.2677651371355,415.1606124974002,4415.215851719717
ID991,C,2643.5112422404973,430.8072504264275,-2219.5421440467435
ID259,A,2671.1109696729827,421.58228359065083,5874.610720197398
ID729,C,2786.648807066117,430.5641660266915,-2342.737040490451
ID852,A,2524.6075343207904,410.9719602486121,5524.569181391383
ID901,B,2617.4424616673637,404.225120766548,5228.2066676441655
ID685,B,2325.8160347150933,376.75893994932994,4634.630008070179
ID241,A,2592.969692668436,415.2583110393127,5690.638971631077
ID565,B,2753.7502892245666,417.5681040341073,5521.024473244362
ID537,C,2779.169142692415,400.4589780021675,-2373.4192957111013
ID178,A,2592.088753003416,426.71402684142527,5656.740888828833
ID257,A,2227.90439881592,403.04060691788453,4666.639905906647
ID886,B,2327.142133317787,404.36427022019393,4666.708475093203
ID102,B,2368.457118944682,425.14702882554786,4755.953804434736
ID461,A,2694.1620857383573,386.6242181123167,6142.589506627699
ID558,C,2790.897682512441,417.80008333726414,-2366.0468584398127
ID271,A,2336.336405160613,373.99233363977675,5155.4668810556
ID321,B,2644.324672738436,364.7383335047649,5312.20426367475
ID374,C,2343.9245741675563,390.0123304270101,-1968.2423944405105
ID224,C,2441.9495921898356,396.02489313172,-2049.8193607736935
ID206,B,2405.1361550573924,398.61643449972337,4814.290292345203
ID904,C,2439.4213092457126,396.1027993213069,-2041.404526241827
ID680,A,2533.890140059346,414.85859793510434,5523.870023641107
ID300,A,2230.530381473017,407.9236011864034,4644.830226450327
ID249,A,2644.507864167398,394.211772497371,5980.912941773718
ID863,A,2467.246666833567,385.39922817037177,5456.71579230152
ID274,C,2428.989187004578,384.4727785556387,-2033.7705557486563
ID535,A,2557.827514403564,402.5907940928059,5661.122361469006
ID308,A,2609.0611138698914,401.837267309255,5792.366451946756
ID956,A,2657.650955427889,405.1281533148266,5939.479193807267
ID703,B,2421.3074929750833,413.98466401061825,4857.76812418131
ID368,C,2637.8985977299944,403.99482394391566,-2230.6111631929784
ID162,C,2392.008336304424,399.10948770723815,-1998.5090039816048
ID137,B,2657.655039453123,426.5186266931288,5323.308414667824
ID980,A,2574.4858811879417,382.9905321683307,5803.923990129106
ID823,C,2476.021787175375,361.55082065556434,-2091.371316435599
ID549,A,2246.3433479227747,416.49473060794367,4663.963234719017
ID975,A,2606.92736347686,387.24773584984877,5869.712252911447
ID466,C,2623.447965362781,401.80269015222814,-2240.425457385949
ID998,B,2526.8077367845244,411.94277196104963,5062.948168907169
ID474,B,2573.557806321105,402.71989990935515,5152.7239854815425
ID559,C,2332.1892570188775,393.4951796968271,-1945.7593011857462
ID265,A,2684.636527423589,413.29356059674615,6000.522763232897
ID349,C,2638.7289539721446,392.84834329308666,-2257.6764896656623
ID876,C,2366.426971537766,402.7239912976805,-1974.6795852260173
ID516,C,2428.68703909838,391.2244972307334,-2047.6149230785456
ID910,C,2860.522118064022,399.83258348719824,-2465.054597671407
ID261,A,2395.2698305385106,385.2855464448211,5268.656490686126
ID321,A,2372.4111212157013,411.6096549810839,5067.936392556612
ID683,A,2488.852942770009,412.64710523551673,5393.215782015474
ID172,A,2668.0716344424677,397.02004795068166,6030.150499623643
ID523,B,2662.6815532612227,444.39291298195485,5337.2156859253955
ID343,C,2509.930426057641,390.2009032834977,-2106.795128526137
ID183,B,2539.158325154311,398.107405856154,5080.9384719178015
ID104,A,2570.4181670271128,405.8268831018741,5664.7429602205975
ID543,A,2531.3582271471905,399.6129589073192,5574.778928009055
ID850,C,2676.1646773018083,415.9934046902929,-2262.049775328324
ID495,B,2741.636818519301,387.9647702684006,5494.805073637845
ID786,C,2540.612910982834,406.47607163754384,-2130.4718485709295
ID671,A,2362.955704287874,398.6965849536033,5078.785973726461
ID408,B,2298.366173374625,410.027736301459,4580.61855952156
ID763,A,2501.563191550239,388.27061288391536,5562.532265276358
ID933,C,2835.9347536050477,399.53738618101994,-2437.5359540914624
ID223,A,2630.2125031888995,357.4903883682403,6092.541324037118
ID693,A,2588.1208671553695,392.80682308874566,5783.131756785456
ID267,B,2331.62471577805,373.80523486070155,4646.684046108571
ID445,A,2458.6612583200513,421.98358669898687,5261.305071030544
ID364,C,2556.2355296780947,393.6076921592515,-2164.30172971255
ID922,A,2560.6456344859293,391.639650326001,5733.703647774909
ID210,A,2487.300065640616,398.7972184462121,5458.13559104174
ID920,B,2458.2595384254687,393.7221654736463,4902.162055178722
ID897,C,2697.379645019981,411.41517333938515,-2261.5049458495064
ID738,A,2598.3846208129344,409.63588461975513,5739.126434656829
ID516,C,2372.551380176669,395.9166897802626,-1986.3952104210775
ID780,C,2254.745592875869,391.11716456643904,-1897.211022855078
ID532,A,2619.1612594650455,403.66619119924184,5845.363404069138
ID676,B,2531.1607553204735,400.73425286519097,5060.8957292660325
ID593,C,2752.393659609372,389.69884260606824,-2358.0597868706227
ID132,A,2327.940026848124,384.1802325991252,5069.464443376853
ID652,B,2369.047340846412,415.3617321050626,4751.027310324183
ID948,A,2455.9801549062563,392.50149767077,5414.292412073507
ID547,A,2375.789970214933,399.60805586065777,5141.676786475583
ID423,C,2627.1577767197896,398.7970135069161,-2237.5075164571563
ID952,C,2551.4751972289623,397.59419938056686,-2152.6368678775493
ID311,B,2359.0228055044663,414.482266911976,4711.875019408472
ID634,C,2747.519436751073,377.90069430090864,-2363.5929338913006
ID546,A,2408.7703732512778,425.9892598253725,5096.180143477707
ID240,C,2421.266731931488,402.0040686905891,-2012.7271745586602
ID638,C,2389.5238433217123,398.4040485265901,-2002.0134915058206
ID483,A,2710.9071425128,388.47645226161086,6199.7027350026865
ID730,C,2833.120928493761,390.6882227636646,-2437.398810020693
ID226,C,2585.00848524367,377.76000986934747,-2230.9788611186746
ID926,A,2564.1070812739936,402.6740955334504,5685.6781930153475
ID993,A,2389.3822675265883,394.6056780326537,5191.767911273544
ID822,A,2386.329581177266,385.61885898630857,5247.3712039691045
ID906,C,2297.370067323119,416.69847446961563,-1868.6870138656031
ID106,C,2395.1434218491813,394.98310173577494,-1981.266074636301
ID232,B,2576.374794454194,398.2021226922311,5149.422127509438
ID998,B,2530.3541117936934,368.32154403258386,5073.617962057058
ID182,C,2555.0677226046514,390.58617290163465,-2162.5911833150603
ID395,A,2566.8895172743682,423.63290346569363,5591.851784292964
ID766,C,2310.7701417631856,430.2115749452366,-1894.6357708153423
ID174,B,2026.6977979547778,390.2319043815737,4063.9989870706386
ID217,B,2441.893446045608,378.26584595117555,4867.364054374294
ID650,C,2569.054415691325,382.90350663131846,-2192.125338894222
ID820,C,2422.7495334164814,398.6777152610342,-2028.5308279965377
ID372,B,2555.7327420851684,387.73749617957844,5108.621899714812
ID687,B,2512.617656658024,388.1161398960657,5005.1177955315525
ID384,A,2654.881083775162,375.01502469350277,6082.260943587752
ID267,C,2641.9148555214624,376.2042420135196,-2248.100622893405
ID986,C,2399.210363320097,391.80951140318814,-2000.7577470335211
ID327,A,2466.8691823784075,399.5157600713174,5383.562192874238
ID507,A,2366.092472526574,404.09983021675185,5072.837971356017
ID685,B,2515.498413410116,385.9863650103625,5042.863220787215
ID303,A,2555.4906238786316,395.2565512309954,5663.246817449822
ID911,B,2585.313086727833,387.66691476606815,5170.755603158891
ID888,B,2718.12482034231,384.1442525295965,5454.736629191688
ID417,C,2248.3249877053495,393.49397275153257,-1860.3390119491369
ID285,A,2417.9888300432567,405.98203246795134,5245.679414867576
ID346,C,2439.2239404765933,386.9993760964611,-2037.966529779302
ID549,A,2670.8700447083397,411.60936732853025,5938.637908795537
ID944,B,2475.095644411908,421.6656899571134,4971.914553667677
ID332,C,2695.33654628951,363.1363940968082,-2320.966653292839
ID871,A,2434.5373255199197,399.9065435615241,5303.997159619588
ID828,A,2797.8260916971976,408.6433593144469,6354.992156125529
ID575,B,2573.14087032708,397.72297234622596,5145.539506617574
ID152,A,2761.707499041792,385.67535685253966,6364.755758992578
